City_ID,City,Country,Lat,Lng,Max Temp,Humidity,Cloudiness,Wind Speed,Current Description
0,Rio De Janeiro,BR,-22.9,-43.21,75.2,78,100,13.87,moderate rain
1,Santa Isabel Do Rio Negro,BR,-0.41,-65.02,78.06,83,83,1.43,light rain
2,Honiara,SB,-9.43,159.95,87.8,70,20,6.93,few clouds
3,Misratah,LY,32.38,15.09,82.89,57,0,8.5,clear sky
4,Torbay,CA,47.67,-52.73,66.0,68,90,13.87,overcast clouds
5,Punta Arenas,CL,-53.15,-70.92,37.4,64,75,13.87,broken clouds
6,Dikson,RU,73.51,80.55,49.78,93,84,11.61,broken clouds
7,Bredasdorp,ZA,-34.53,20.04,44.6,81,54,12.75,light rain
8,Atuona,PF,-9.8,-139.03,78.66,76,8,16.98,light rain
9,Karratha,AU,-20.74,116.85,64.31,28,0,11.9,clear sky
10,Mataura,NZ,-46.19,168.86,48.27,57,94,3.24,overcast clouds
11,Nikolskoye,RU,59.7,30.79,54.0,87,1,1.81,fog
12,Busselton,AU,-33.65,115.33,52.0,83,89,13.44,overcast clouds
13,Cockburn Town,TC,21.46,-71.14,84.2,79,40,5.82,scattered clouds
14,Port Alfred,ZA,-33.59,26.89,53.04,70,64,33.13,light rain
15,Tomatlan,MX,19.93,-105.25,77.88,92,58,2.13,moderate rain
16,Albany,US,42.6,-73.97,72.0,74,12,4.5,light rain
17,Olafsvik,IS,64.89,-23.71,55.67,80,56,6.4,broken clouds
18,Kaitangata,NZ,-46.28,169.85,44.01,70,97,5.01,overcast clouds
19,Clyde River,CA,70.47,-68.59,55.4,76,1,17.22,clear sky
20,Rio Gallegos,AR,-51.62,-69.22,35.6,89,90,23.04,light rain
21,Bluff,NZ,-46.6,168.33,44.31,64,98,3.53,overcast clouds
22,Alice Springs,AU,-23.7,133.88,66.2,39,0,3.36,clear sky
23,Rikitea,PF,-23.12,-134.97,71.94,74,17,7.4,few clouds
24,Flinders,AU,-34.58,150.86,63.0,59,51,8.99,broken clouds
25,Pisco,PE,-13.7,-76.22,62.6,82,1,12.75,clear sky
26,Kavaratti,IN,10.57,72.64,81.28,81,94,11.61,light rain
27,Kamina,CD,-8.74,24.99,67.15,26,0,0.76,clear sky
28,Dicabisagan,PH,17.08,122.42,81.34,79,97,1.66,overcast clouds
29,Esperance,AU,-33.87,121.9,48.2,100,75,25.28,broken clouds
30,Abha,SA,18.22,42.51,68.0,59,97,5.73,overcast clouds
31,Sakakah,SA,29.97,40.21,78.8,21,0,5.82,clear sky
32,Souillac,MU,-20.52,57.52,69.8,77,20,9.17,few clouds
33,Nishihara,JP,26.18,127.76,87.8,83,40,10.29,scattered clouds
34,Cape Town,ZA,-33.93,18.42,50.0,70,40,5.82,moderate rain
35,Avarua,CK,-21.21,-159.78,73.4,69,35,8.05,scattered clouds
36,Qaanaaq,GL,77.48,-69.36,43.02,61,100,7.23,overcast clouds
37,Gaeta,IT,41.22,13.56,73.99,91,69,4.38,broken clouds
38,Itarema,BR,-2.92,-39.92,78.12,77,24,16.33,few clouds
39,Mabaruma,GY,8.2,-59.78,75.78,97,88,4.29,light rain
40,Yulara,AU,-25.24,130.99,55.4,28,0,5.19,clear sky
41,Vestmannaeyjar,IS,63.44,-20.27,53.31,93,98,7.16,overcast clouds
42,Juba,SS,4.85,31.58,70.03,91,66,2.42,broken clouds
43,Coquimbo,CL,-29.95,-71.34,51.8,76,90,3.36,overcast clouds
44,Broome,US,42.25,-75.83,73.4,49,1,8.05,clear sky
45,Saldanha,ZA,-33.01,17.94,46.4,75,27,6.93,scattered clouds
46,Goderich,CA,43.75,-81.72,73.0,82,62,8.01,light rain
47,Saskylakh,RU,71.92,114.08,53.31,83,94,11.63,overcast clouds
48,Panguna,PG,-6.32,155.48,76.03,91,37,1.41,moderate rain
49,Camana,PE,-16.62,-72.71,59.31,75,73,4.14,broken clouds
50,Iqaluit,CA,63.75,-68.51,42.8,93,40,9.17,scattered clouds
51,Butaritari,KI,3.07,172.79,81.95,63,1,8.55,clear sky
52,Mwaya,TZ,-9.55,33.95,70.18,60,84,2.93,broken clouds
53,Maragogi,BR,-9.01,-35.22,73.71,85,29,11.61,scattered clouds
54,Kapaa,US,22.08,-159.32,86.0,62,20,14.99,few clouds
55,Megion,RU,61.03,76.11,57.2,93,97,6.71,overcast clouds
56,Yellowknife,CA,62.46,-114.35,68.0,52,20,6.93,few clouds
57,Tuktoyaktuk,CA,69.45,-133.04,53.6,71,90,3.36,overcast clouds
58,Sorong,ID,-0.88,131.25,78.15,86,87,11.72,overcast clouds
59,Jamestown,US,42.1,-79.24,66.99,82,75,3.36,broken clouds
60,Villeta,CO,5.01,-74.47,57.2,87,90,5.82,overcast clouds
61,Quesnel,CA,53.0,-122.5,89.6,21,1,9.17,clear sky
62,Wilmington,US,34.23,-77.94,82.4,65,1,5.82,clear sky
63,Savannah Bight,HN,16.45,-85.85,84.51,73,59,7.7,broken clouds
64,Norsup,VU,-16.07,167.38,84.2,74,75,3.36,broken clouds
65,Buraydah,SA,26.33,43.98,84.2,32,43,3.36,scattered clouds
66,Sisimiut,GL,66.94,-53.67,48.56,59,53,2.24,broken clouds
67,Ushuaia,AR,-54.8,-68.3,35.6,80,75,14.99,shower rain
68,Rundu,NA,-17.93,19.77,59.2,30,0,0.38,clear sky
69,Hermanus,ZA,-34.42,19.23,46.99,82,87,8.01,light rain
70,Pacific Grove,US,36.62,-121.92,73.4,56,40,8.05,smoke
71,Beringovskiy,RU,63.05,179.32,53.2,79,100,15.66,overcast clouds
72,Port Hardy,CA,50.7,-127.42,77.0,53,20,12.75,few clouds
73,Nassau,US,40.75,-73.58,73.4,73,90,14.99,light rain
74,Katsuura,JP,35.13,140.3,88.0,84,75,6.93,broken clouds
75,Arkhara,RU,49.42,130.08,62.73,98,100,7.43,moderate rain
76,Shambu,ET,9.57,37.1,52.18,100,100,1.25,light rain
77,Padang,ID,-0.95,100.35,77.67,69,66,3.24,broken clouds
78,Ahipara,NZ,-35.17,173.17,59.72,75,100,17.56,overcast clouds
79,Hithadhoo,MV,-0.6,73.08,83.46,75,36,7.4,scattered clouds
80,Urumqi,CN,43.8,87.6,75.2,31,9,13.42,clear sky
81,Maningrida,AU,-12.07,134.27,76.53,37,0,7.18,clear sky
82,Carnarvon,AU,-24.87,113.63,50.0,100,14,5.82,few clouds
83,Vao,NC,-22.67,167.48,69.66,78,57,15.66,broken clouds
84,Moyale,KE,3.52,39.06,65.75,74,56,8.59,broken clouds
85,Severo-Kurilsk,RU,50.68,156.12,54.32,84,90,3.42,overcast clouds
86,Acajutla,SV,13.59,-89.83,77.0,78,40,3.36,scattered clouds
87,Puerto Ayora,EC,-0.74,-90.35,66.99,93,89,3.0,overcast clouds
88,Vanavara,RU,60.34,102.28,52.92,57,99,6.06,overcast clouds
89,Upernavik,GL,72.79,-56.15,46.4,56,100,1.63,overcast clouds
90,Port Elizabeth,ZA,-33.92,25.57,51.8,71,75,34.45,light rain
91,Kruisfontein,ZA,-34.0,24.73,50.0,67,93,11.01,light rain
92,Mahebourg,MU,-20.41,57.7,69.8,77,20,9.17,few clouds
93,Port Lincoln,AU,-34.73,135.87,56.21,68,34,22.21,light rain
94,Mitzic,GA,0.78,11.55,69.8,97,99,4.54,light rain
95,Tasiilaq,GL,65.61,-37.64,44.6,93,39,3.36,scattered clouds
96,Manokwari,ID,-0.87,134.08,83.53,66,90,1.01,light rain
97,Khatanga,RU,71.97,102.5,58.28,90,100,8.88,light rain
98,Thompson,CA,55.74,-97.86,64.4,55,75,6.93,broken clouds
99,Adrar,MR,20.5,-10.07,98.98,28,0,18.5,clear sky
100,Funehiki,JP,37.43,140.58,82.0,69,20,11.41,few clouds
101,Mudgee,AU,-32.59,149.59,54.0,87,75,3.36,broken clouds
102,Paamiut,GL,61.99,-49.67,48.52,66,0,10.98,clear sky
103,Ihosy,MG,-22.4,46.12,61.57,84,60,8.61,broken clouds
104,Samarai,PG,-10.62,150.67,76.26,59,36,7.54,scattered clouds
105,Dire Dawa,ET,9.59,41.87,70.63,66,79,13.53,light rain
106,Inuvik,CA,68.35,-133.72,62.6,55,40,6.93,scattered clouds
107,Ulaangom,MN,49.98,92.07,62.26,72,5,1.36,clear sky
108,Ola,RU,59.58,151.28,59.18,69,100,3.87,overcast clouds
109,Tuxpan,MX,19.55,-103.4,75.2,88,90,11.41,overcast clouds
110,Barrow,US,71.29,-156.79,50.0,76,1,19.46,clear sky
111,Mirandopolis,BR,-21.13,-51.1,70.27,65,75,18.05,broken clouds
112,Kutum,SD,14.2,24.67,69.19,79,99,9.08,light rain
113,Sao Joao Da Barra,BR,-21.64,-41.05,73.87,85,63,19.57,broken clouds
114,Petropavlovka,RU,50.61,105.32,54.81,56,0,0.31,clear sky
115,Mackay,AU,-21.15,149.2,73.99,22,0,4.7,clear sky
116,Hanna,CA,51.63,-111.9,84.0,42,50,7.0,scattered clouds
117,Ucluelet,CA,48.93,-125.55,66.99,88,20,5.82,few clouds
118,Longyearbyen,SJ,78.22,15.64,44.6,81,75,8.05,broken clouds
119,Waounde,SN,15.26,-12.87,87.8,70,20,2.24,few clouds
120,Champerico,GT,14.3,-91.92,84.2,74,40,9.17,thunderstorm
121,Vaini,TO,-21.2,-175.2,75.2,73,75,12.75,broken clouds
122,Labuhan,ID,-6.88,112.21,77.59,78,42,10.49,scattered clouds
123,Victoria,HK,22.29,114.16,82.0,78,91,7.4,overcast clouds
124,Kulhudhuffushi,MV,6.62,73.07,82.44,75,96,8.08,overcast clouds
125,Aswan,EG,24.09,32.91,90.05,21,8,13.06,clear sky
126,Salisbury,GB,51.07,-1.8,63.0,88,92,8.05,light rain
127,Cowra,AU,-33.83,148.68,43.0,93,74,1.01,broken clouds
128,New Norfolk,AU,-42.78,147.06,51.01,90,80,1.86,broken clouds
129,Georgetown,MY,5.41,100.34,77.0,88,20,2.24,few clouds
130,Hami,CN,42.8,93.45,75.67,19,0,9.51,clear sky
131,Mayo,US,38.89,-76.51,75.0,82,40,8.05,moderate rain
132,Sao Filipe,CV,14.9,-24.5,78.46,82,59,2.75,broken clouds
133,Sitka,US,57.05,-135.33,59.0,82,75,10.29,broken clouds
134,Adre,TD,13.47,22.2,75.33,79,92,2.42,light rain
135,Hasaki,JP,35.73,140.83,88.0,79,75,5.82,broken clouds
136,Padilla,CO,3.22,-76.31,77.0,65,75,6.93,broken clouds
137,Dargaville,NZ,-35.93,173.88,59.63,72,100,15.43,overcast clouds
138,Laguna,US,38.42,-121.42,104.0,27,1,8.05,clear sky
139,Maniitsoq,GL,65.42,-52.9,51.26,57,32,6.31,scattered clouds
140,Vana-Vigala,EE,58.78,24.25,48.0,99,99,0.65,overcast clouds
141,Guerrero Negro,MX,27.98,-114.06,81.54,53,0,18.48,clear sky
142,Tessalit,ML,20.2,1.01,92.26,36,14,7.83,few clouds
143,Ribeira Grande,PT,38.52,-28.7,74.23,89,91,21.99,light rain
144,Pevek,RU,69.7,170.31,39.31,84,100,13.67,light rain
145,Portland,US,45.52,-122.68,95.0,31,20,9.17,few clouds
146,Daru,PG,-9.08,143.21,78.39,71,13,12.15,few clouds
147,Sawakin,SD,19.11,37.33,92.35,45,0,1.48,clear sky
148,Vardo,NO,70.37,31.11,47.62,76,86,14.5,overcast clouds
149,Aklavik,CA,68.22,-135.01,64.4,63,20,8.05,few clouds
150,Ilulissat,GL,69.22,-51.1,51.8,43,32,2.24,scattered clouds
151,Palmer,US,42.16,-72.33,75.2,64,75,9.17,light rain
152,Hobart,AU,-42.88,147.33,51.01,87,75,5.82,broken clouds
153,Bhatkal,IN,13.97,74.57,78.24,86,99,6.35,moderate rain
154,Boyuibe,BO,-20.42,-63.28,58.66,74,46,1.21,scattered clouds
155,Tacoronte,ES,28.48,-16.41,73.99,52,3,4.7,clear sky
156,Beloha,MG,-25.17,45.05,63.3,96,25,6.73,scattered clouds
157,Tupik,RU,54.43,119.93,50.04,57,0,7.27,clear sky
158,Cesis,LV,57.31,25.27,54.0,93,100,2.55,overcast clouds
159,Mananara,MG,-16.17,49.77,65.91,91,22,5.01,light rain
160,Evans,US,33.53,-82.13,81.0,88,90,3.36,very heavy rain
161,Codrington,AU,-38.27,141.97,51.73,86,62,12.17,broken clouds
162,Fairbanks,US,64.84,-147.72,70.0,32,1,6.93,clear sky
163,Auki,SB,-8.77,160.7,86.4,64,69,2.98,broken clouds
164,Smidovich,RU,48.6,133.82,62.02,93,100,9.69,light rain
165,Klaksvik,FO,62.23,-6.59,48.2,87,0,8.37,clear sky
166,Khadzhalmakhi,RU,42.42,47.18,64.4,68,0,6.71,clear sky
167,Bambous Virieux,MU,-20.34,57.76,72.0,77,20,9.17,few clouds
168,Guilin,CN,25.28,110.29,75.2,100,40,2.24,scattered clouds
169,Srednekolymsk,RU,67.45,153.68,46.8,72,99,13.33,overcast clouds
170,Kayerkan,RU,69.35,87.76,55.4,58,1,4.47,clear sky
171,Aguia Branca,BR,-18.98,-40.74,70.77,86,55,2.73,broken clouds
172,Talnakh,RU,69.49,88.4,55.4,58,0,4.47,clear sky
173,Lebu,CL,-37.62,-73.65,49.12,86,64,6.49,light rain
174,Mar Del Plata,AR,-38.0,-57.56,54.0,61,0,6.93,clear sky
175,Snina,SK,48.99,22.15,62.01,94,51,2.84,broken clouds
176,Shahrud,IR,36.42,54.98,63.25,74,1,11.21,clear sky
177,Kodiak,US,57.79,-152.41,64.4,59,1,9.17,clear sky
178,Moses Lake,US,47.13,-119.28,102.2,18,1,10.29,clear sky
179,Cabo San Lucas,MX,22.89,-109.91,91.4,62,5,5.82,clear sky
180,Hovd,MN,48.01,91.64,59.99,64,14,0.27,few clouds
181,Nagato,JP,34.38,131.2,84.2,66,20,6.93,few clouds
182,Grants Pass,US,42.44,-123.33,96.8,16,1,6.35,clear sky
183,Birao,CF,10.28,22.79,72.32,96,97,3.67,overcast clouds
184,Hilo,US,19.73,-155.09,84.2,62,75,11.41,broken clouds
185,Jasper,US,37.2,-94.35,87.8,43,20,9.17,few clouds
186,Puerto Escondido,MX,15.85,-97.07,78.8,69,90,4.74,moderate rain
187,Hazorasp,UZ,41.32,61.07,62.6,63,2,6.93,clear sky
188,Saint-Augustin,CA,51.23,-58.65,61.05,75,99,10.13,overcast clouds
189,Concordia,AR,-31.39,-58.02,53.01,70,0,4.72,clear sky
190,Abashiri,JP,44.02,144.27,64.99,82,75,5.82,broken clouds
191,Gladstone,AU,-23.85,151.25,66.2,59,0,4.7,clear sky
192,The Valley,AI,18.22,-63.06,84.2,74,40,14.99,shower rain
193,Provideniya,RU,64.38,-173.3,51.8,71,100,8.95,overcast clouds
194,Miranda,CO,3.25,-76.23,77.0,65,75,6.93,broken clouds
195,Nyagan,RU,62.14,65.39,52.59,97,100,5.28,overcast clouds
196,Hambantota,LK,6.12,81.12,79.48,83,57,14.12,broken clouds
197,Granville,AU,-33.83,151.02,63.0,45,40,13.87,scattered clouds
198,Vilyuysk,RU,63.76,121.62,55.63,48,0,4.32,clear sky
199,Filingue,NE,14.35,3.32,87.8,53,91,16.58,overcast clouds
200,Arraial Do Cabo,BR,-22.97,-42.03,71.78,90,100,7.11,light rain
201,Santa Rosa,PH,14.31,121.11,84.0,88,95,3.36,overcast clouds
202,Namatanai,PG,-3.67,152.43,83.62,70,3,9.44,clear sky
203,Jacqueville,CI,5.21,-4.41,75.2,94,40,5.82,scattered clouds
204,Ixtapa,MX,20.7,-105.2,86.0,79,90,10.29,light rain
205,Kupino,RU,54.37,77.3,57.83,84,99,6.29,overcast clouds
206,Chokurdakh,RU,70.63,147.92,42.12,80,100,11.45,overcast clouds
207,Anloga,GH,5.79,0.9,75.2,94,40,11.41,scattered clouds
208,Mbandaka,CD,0.05,18.26,71.11,91,65,2.55,broken clouds
209,Fez,MA,34.04,-5.0,73.4,56,0,8.05,clear sky
210,Jumla,NP,29.27,82.18,61.92,70,56,0.81,broken clouds
211,Boende,CD,-0.22,20.87,73.54,93,79,1.32,broken clouds
212,Antofagasta,CL,-23.65,-70.4,57.2,62,75,12.75,broken clouds
213,Tiksi,RU,71.69,128.87,45.23,94,100,0.85,light rain
214,Yerbogachen,RU,61.28,108.01,56.39,55,0,1.36,clear sky
215,Lavrentiya,RU,65.58,-171.0,50.94,77,100,0.6,overcast clouds
216,Lagoa,PT,39.05,-27.98,74.21,90,87,23.42,overcast clouds
217,Petrolina,BR,-9.4,-40.5,77.56,49,2,19.89,clear sky
218,Penzance,GB,50.12,-5.54,62.6,93,38,13.87,light rain
219,Solnechnyy,RU,50.72,136.63,56.43,94,100,5.68,light rain
220,Manoel Urbano,BR,-8.84,-69.26,83.86,51,53,2.98,broken clouds
221,Ravar,IR,31.27,56.81,79.05,26,30,6.15,scattered clouds
222,Nome,US,64.5,-165.41,69.01,55,1,19.46,clear sky
223,Thunder Bay,CA,48.4,-89.32,73.4,38,75,9.17,broken clouds
224,Oksfjord,NO,70.24,22.35,46.4,93,99,15.82,overcast clouds
225,Pochutla,MX,15.74,-96.47,73.4,88,90,8.19,light rain
226,Chapais,CA,49.78,-74.85,57.2,100,90,5.82,overcast clouds
227,Sulangan,PH,11.14,123.72,83.23,72,100,5.84,light rain
228,Kedgwick,CA,47.64,-67.34,59.88,96,21,4.38,few clouds
229,Barra,BR,-11.09,-43.14,78.82,50,7,14.58,clear sky
230,Lorengau,PG,-2.02,147.27,83.01,78,10,9.35,light rain
231,San Andres,CO,12.58,-81.7,84.2,79,75,9.17,broken clouds
232,Akyab,MM,20.15,92.9,80.83,86,100,14.52,moderate rain
233,Laela,TZ,-8.57,32.05,57.06,62,51,2.44,broken clouds
234,Anadyr,RU,64.75,177.48,55.4,62,20,13.42,few clouds
235,Jiutai,CN,44.15,125.83,78.8,83,75,13.42,mist
236,Sioux Lookout,CA,50.1,-91.92,69.8,46,40,9.17,scattered clouds
237,Bogomila,MK,41.59,21.47,66.2,100,20,1.48,few clouds
238,Cidreira,BR,-30.18,-50.21,58.26,83,0,10.74,clear sky
239,Kamien Pomorski,PL,53.97,14.77,71.01,68,5,5.82,clear sky
240,East London,ZA,-33.02,27.91,55.38,64,46,26.75,scattered clouds
241,Castro,BR,-24.79,-50.01,60.69,95,100,6.15,light rain
242,Waddan,LY,29.16,16.14,81.66,30,0,6.71,clear sky
243,Narrabri,AU,-30.32,149.78,59.0,54,21,8.05,few clouds
244,Berdigestyakh,RU,62.1,126.7,54.19,62,42,4.32,scattered clouds
245,Faya,SA,18.39,42.45,68.0,59,96,4.34,overcast clouds
246,Thaba-Tseka,LS,-29.52,28.61,38.91,64,92,11.43,overcast clouds
247,Oktyabrskoye,RU,43.06,44.74,55.4,93,0,6.71,clear sky
248,Fort Nelson,CA,58.81,-122.7,62.6,88,75,2.24,broken clouds
249,Saint-Louis,SN,16.33,-15.0,87.8,58,26,4.7,scattered clouds
250,Jati,PK,24.35,68.27,83.89,81,100,10.8,overcast clouds
251,Sagua La Grande,CU,22.81,-80.08,86.0,70,75,10.29,broken clouds
252,Vaitape,PF,-16.52,-151.75,79.27,71,13,12.03,few clouds
253,Golden,US,39.76,-105.22,93.99,14,20,11.41,few clouds
254,Namibe,AO,-15.2,12.15,58.39,83,8,6.69,clear sky
255,Sabancuy,MX,18.97,-91.18,84.15,77,49,12.88,scattered clouds
256,Abalak,RU,58.13,68.59,50.07,98,53,5.79,broken clouds
257,Batemans Bay,AU,-35.72,150.18,57.99,73,50,5.01,scattered clouds
258,Portalegre,PT,39.29,-7.43,72.0,69,1,3.85,clear sky
259,San Quintin,MX,30.48,-115.95,77.54,66,65,9.19,light rain
260,Lithakia,GR,37.72,20.83,73.4,94,0,2.24,clear sky
261,Mount Isa,AU,-20.73,139.5,77.0,16,0,12.91,clear sky
262,Airai,TL,-8.93,125.41,67.14,55,0,4.16,clear sky
263,Krasnozatonskiy,RU,61.68,50.98,46.4,87,93,4.47,overcast clouds
264,Aksu,CN,41.12,80.26,76.03,29,56,5.23,broken clouds
265,Chuy,UY,-33.7,-53.46,47.03,82,0,7.11,clear sky
266,Durban,ZA,-29.86,31.03,66.99,77,0,8.05,clear sky
267,Mutoko,ZW,-17.4,32.23,51.19,96,0,2.1,clear sky
268,Bethel,US,41.37,-73.41,69.8,88,90,5.82,overcast clouds
269,Port Moresby,PG,-9.44,147.18,78.8,65,40,9.17,smoke
270,Qaqortoq,GL,60.72,-46.03,55.4,62,14,3.36,few clouds
271,Khandbari,NP,27.37,87.2,73.54,75,65,0.56,broken clouds
272,Mana,GF,5.66,-53.78,79.52,82,99,11.18,overcast clouds
273,Reconquista,AR,-29.15,-59.65,55.54,49,0,8.03,clear sky
274,Belogorsk,RU,50.92,128.46,57.65,94,100,14.58,overcast clouds
275,Muscat,OM,23.61,58.59,86.0,84,15,8.05,few clouds
276,Lasa,IT,46.62,10.7,55.4,93,40,3.36,scattered clouds
277,Sandakan,MY,5.84,118.12,75.2,100,40,3.36,scattered clouds
278,Norman Wells,CA,65.28,-126.83,60.8,55,75,9.17,broken clouds
279,Marsh Harbour,BS,26.54,-77.06,84.74,68,95,5.17,overcast clouds
280,Plettenberg Bay,ZA,-34.05,23.37,47.61,76,99,22.57,light rain
281,Saint-Philippe,RE,-21.36,55.77,66.2,63,41,8.05,scattered clouds
282,Geraldton,AU,-28.77,114.6,51.8,93,90,8.05,overcast clouds
283,Yeovil,GB,50.94,-2.63,62.6,88,96,6.93,overcast clouds
284,Goes,NL,51.5,3.89,64.0,94,31,1.99,scattered clouds
285,Gushikawa,JP,26.35,127.87,84.2,83,1,6.93,clear sky
286,Acapulco,MX,16.86,-99.89,82.4,78,90,4.7,overcast clouds
287,Bengkulu,ID,-3.8,102.27,75.61,87,27,2.55,light rain
288,Kharp,RU,66.8,65.81,49.89,84,96,6.44,overcast clouds
289,Hamilton,US,39.18,-84.53,82.4,48,40,8.05,scattered clouds
290,Kaeo,NZ,-35.1,173.78,60.01,3,100,8.01,light rain
291,Bertoua,CM,4.58,13.68,68.2,97,98,3.4,light rain
292,Shenjiamen,CN,29.96,122.3,82.13,83,1,12.03,clear sky
293,Savannakhet,LA,16.57,104.75,75.22,93,100,1.52,light rain
294,Mogadishu,SO,2.04,45.34,74.75,83,100,14.18,overcast clouds
295,Luderitz,NA,-26.65,15.16,54.57,68,0,11.61,clear sky
296,Naze,JP,28.37,129.48,87.8,79,20,6.93,few clouds
297,Kulu,TR,39.1,33.08,59.68,45,0,5.64,clear sky
298,Samagaltay,RU,50.6,95.0,59.36,63,44,1.95,scattered clouds
299,Sawankhalok,TH,17.32,99.83,75.2,94,20,3.36,few clouds
300,Kovdor,RU,67.57,30.48,40.33,92,66,6.08,broken clouds
301,Vila Velha,BR,-20.33,-40.29,75.2,83,40,14.99,scattered clouds
302,Apollonia,GR,36.97,24.72,75.0,73,0,5.82,clear sky
303,Toora-Khem,RU,52.47,96.11,55.94,82,65,2.08,broken clouds
304,Sibiti,CG,-3.68,13.35,67.21,96,57,3.04,broken clouds
305,San Carlos De Bariloche,AR,-41.15,-71.31,41.0,75,40,31.09,scattered clouds
306,Uyuni,BO,-20.46,-66.83,39.56,60,1,28.1,clear sky
307,Bondoukou,CI,8.03,-2.8,70.95,91,13,3.27,few clouds
308,Warwick,US,41.7,-71.42,71.01,90,27,6.71,scattered clouds
309,Grindavik,IS,63.84,-22.43,53.6,93,75,3.36,broken clouds
310,Catuday,PH,16.29,119.81,81.07,81,99,10.02,light rain
311,Faanui,PF,-16.48,-151.75,78.44,73,15,12.06,few clouds
312,Caohai,CN,26.87,104.28,58.21,94,100,3.87,light rain
313,Jinchang,CN,38.5,102.17,69.28,27,0,4.38,clear sky
314,Mbabane,SZ,-26.32,31.13,62.6,67,17,20.8,few clouds
315,Port Shepstone,ZA,-30.74,30.45,60.42,50,0,9.22,clear sky
316,Mamakan,RU,57.82,114.0,53.22,58,0,0.89,clear sky
317,San Rafael Del Sur,NI,11.85,-86.44,82.4,74,40,6.93,moderate rain
318,Matagami,CA,49.75,-77.63,58.6,93,80,6.38,broken clouds
319,Alofi,NU,-19.06,-169.92,78.8,65,75,17.22,broken clouds
320,Kindu,CD,-2.95,25.95,72.37,74,61,1.39,broken clouds
321,Phalaborwa,ZA,-23.94,31.14,57.2,87,41,3.36,scattered clouds
322,Amnat Charoen,TH,15.86,104.63,77.07,87,100,3.6,light rain
323,Itarantim,BR,-15.66,-40.07,66.33,95,8,3.94,clear sky
324,Esperantinopolis,BR,-4.87,-44.71,80.65,44,48,2.68,scattered clouds
325,Walvis Bay,NA,-22.96,14.51,51.01,71,0,3.36,clear sky
326,Pacifica,US,37.61,-122.49,84.0,56,90,23.04,overcast clouds
327,Onguday,RU,50.75,86.15,51.87,63,28,3.44,scattered clouds
328,Brooks,CA,50.58,-111.89,91.99,25,46,13.98,scattered clouds
329,Edson,CA,53.58,-116.44,82.4,34,1,9.17,clear sky
330,Anan,JP,33.92,134.65,86.0,70,20,11.41,few clouds
331,Tual,ID,-5.67,132.75,78.33,79,38,16.84,scattered clouds
332,Rocha,UY,-34.48,-54.33,43.16,88,0,5.55,clear sky
333,Rovaniemi,FI,66.5,25.72,46.4,75,68,5.82,broken clouds
334,Yarmouth,US,41.71,-70.23,66.2,77,1,3.36,clear sky
335,Aden,YE,12.78,45.04,85.3,71,51,11.68,broken clouds
336,Sinnamary,GF,5.38,-52.95,78.87,79,97,10.6,overcast clouds
337,Fortuna,US,40.6,-124.16,63.0,88,100,4.0,overcast clouds
338,Bhasawar,IN,27.03,77.03,84.96,74,51,3.31,moderate rain
339,Calvinia,ZA,-31.47,19.78,36.03,86,66,11.74,broken clouds
340,Iguape,BR,-24.71,-47.56,65.48,93,100,2.84,light rain
341,Taga,RO,46.95,24.05,63.0,93,36,1.99,scattered clouds
342,Sambrial,PK,32.47,74.35,82.4,88,40,4.7,smoke
343,Lutkun,RU,41.48,47.69,53.67,61,1,4.74,clear sky
344,Saint George,US,37.1,-113.58,111.99,5,1,4.25,clear sky
345,Beyneu,KZ,45.32,55.2,63.43,46,0,12.37,clear sky
346,Kurchum,KZ,48.57,83.65,71.08,32,56,9.15,broken clouds
347,Leningradskiy,RU,69.38,178.42,43.86,65,94,6.67,overcast clouds
348,Bud,US,39.45,-86.18,81.0,57,40,8.05,scattered clouds
349,Merauke,ID,-8.47,140.33,78.03,71,0,12.15,clear sky
350,Port Macquarie,AU,-31.43,152.92,57.99,77,25,5.82,scattered clouds
351,Nuuk,GL,64.18,-51.72,59.0,41,4,5.82,clear sky
352,Marabba,SD,12.35,32.18,74.35,91,61,6.91,moderate rain
353,Halacho,MX,20.48,-90.08,82.4,83,75,6.93,broken clouds
354,Diego De Almagro,CL,-26.37,-70.05,42.19,74,0,0.92,clear sky
355,Beasain,ES,43.05,-2.2,64.0,93,100,1.01,overcast clouds
356,San Luis,AR,-33.3,-66.34,56.26,36,0,7.67,clear sky
357,Reyes,BO,-14.32,-67.38,81.03,59,45,2.64,scattered clouds
358,Yar-Sale,RU,66.83,70.83,50.76,91,100,11.68,overcast clouds
359,Jaguaruna,BR,-28.61,-49.03,60.69,89,42,1.28,scattered clouds
360,Bitung,ID,1.45,125.18,78.8,74,20,2.24,few clouds
361,Cayenne,GF,4.93,-52.33,78.8,83,64,6.93,broken clouds
362,Las Cruces,US,32.31,-106.78,84.2,28,40,9.17,scattered clouds
363,Erice,IT,38.04,12.59,78.8,83,40,5.82,scattered clouds
364,Provost,CA,52.35,-110.27,85.5,35,80,3.06,broken clouds
365,Ziro,IN,27.63,93.83,59.02,100,59,1.34,broken clouds
366,Saint-Joseph,RE,-21.37,55.62,66.2,63,35,8.05,scattered clouds
367,San Cristobal,VE,7.77,-72.22,84.2,66,40,5.82,scattered clouds
368,Tuatapere,NZ,-46.13,167.68,49.53,55,87,2.77,overcast clouds
369,Najran,SA,17.49,44.13,84.2,26,93,4.7,overcast clouds
370,Praia Da Vitoria,PT,38.73,-27.07,75.2,83,40,17.02,scattered clouds
371,Manjo,CM,4.84,9.82,69.82,96,100,0.78,light rain
372,Trincomalee,LK,8.57,81.23,80.44,76,99,17.07,overcast clouds
373,Weeze,DE,51.63,6.2,64.99,83,13,1.01,few clouds
374,Seguela,CI,7.96,-6.67,72.81,87,23,4.0,few clouds
375,Port-Cartier,CA,50.03,-66.87,64.4,88,40,8.05,scattered clouds
376,Viedma,AR,-40.81,-63.0,50.0,48,47,8.01,scattered clouds
377,Carutapera,BR,-1.2,-46.02,77.59,79,90,7.18,overcast clouds
378,Tak,TH,16.58,98.83,75.2,100,75,2.89,broken clouds
379,Wanning,CN,18.8,110.4,81.66,81,76,2.1,broken clouds
380,Tiarei,PF,-17.53,-149.33,82.4,61,20,12.75,few clouds
381,Graham,US,47.05,-122.29,91.0,33,1,6.58,clear sky
382,Maltahohe,NA,-24.83,16.98,36.77,68,0,7.16,clear sky
383,Cabanas,CU,22.98,-82.92,86.0,70,40,9.17,scattered clouds
384,San Patricio,MX,19.22,-104.7,82.4,78,90,23.04,overcast clouds
385,Tonstad,NO,58.66,6.72,68.0,65,13,4.09,few clouds
386,Husavik,IS,66.04,-17.34,50.0,93,91,3.36,overcast clouds
387,Ancud,CL,-41.87,-73.82,46.0,87,75,4.7,broken clouds
388,Salinopolis,BR,-0.61,-47.36,79.79,80,71,12.15,broken clouds
389,Winnemucca,US,40.97,-117.74,102.2,10,75,6.93,broken clouds
390,Kavieng,PG,-2.57,150.8,83.32,75,9,10.85,clear sky
391,Moussoro,TD,13.64,16.49,84.76,58,53,9.64,broken clouds
392,Pitsunda,GE,43.16,40.34,68.0,77,2,11.18,clear sky
393,Kudahuvadhoo,MV,2.67,72.89,82.92,66,66,1.39,broken clouds
394,Normandin,CA,48.83,-72.53,66.2,82,75,4.7,thunderstorm with light rain
395,Irbeyskoye,RU,55.64,95.45,57.24,76,0,0.96,clear sky
396,Maykor,RU,59.01,55.88,51.26,96,100,9.71,moderate rain
397,Elliot Lake,CA,46.38,-82.63,71.6,53,20,11.41,few clouds
398,Coos Bay,US,43.37,-124.22,81.0,77,1,11.41,clear sky
399,Haines Junction,CA,60.75,-137.51,51.62,81,100,3.47,overcast clouds
400,Starkville,US,33.45,-88.82,90.0,45,1,5.82,clear sky
401,Nampula,MZ,-15.12,39.27,66.2,93,40,2.24,scattered clouds
402,Kahului,US,20.89,-156.47,87.8,48,40,21.92,scattered clouds
403,Parkes,AU,-33.13,148.18,57.0,68,73,1.99,broken clouds
404,Antalaha,MG,-14.9,50.28,69.96,79,42,7.58,light rain
405,Thoen,TH,17.61,99.22,74.98,88,100,1.1,overcast clouds
406,Virginia Beach,US,36.85,-75.98,77.0,69,75,8.05,broken clouds
407,Ailigandi,PA,9.23,-78.02,81.07,81,22,5.99,few clouds
408,Bathsheba,BB,13.22,-59.52,78.8,94,75,9.17,light rain
409,Dunedin,NZ,-45.87,170.5,51.01,63,71,5.99,broken clouds
410,Rosarito,MX,32.33,-117.03,86.0,61,40,13.87,scattered clouds
411,Ughelli,NG,5.49,6.01,74.1,90,38,3.04,scattered clouds
412,Kampene,CD,-3.6,26.67,71.19,67,63,1.3,broken clouds
413,Sola,VU,-13.88,167.55,80.35,77,23,2.17,few clouds
414,Parabel,RU,58.7,81.48,56.44,97,92,6.85,overcast clouds
415,Kisangani,CD,0.52,25.2,72.84,85,95,2.66,overcast clouds
416,Erenhot,CN,43.65,111.98,67.42,60,100,21.09,overcast clouds
417,Sangin,AF,32.07,64.84,76.19,19,13,0.98,few clouds
418,Zatyshshya,UA,47.33,29.87,63.34,52,0,7.7,clear sky
419,Roald,NO,62.58,6.13,59.0,93,0,8.05,clear sky
420,Skibbereen,IE,51.55,-9.27,55.4,100,75,8.05,broken clouds
421,Port Blair,IN,11.67,92.75,81.01,82,91,12.64,light rain
422,Jiayuguan,CN,39.82,98.3,68.72,23,0,5.19,clear sky
423,Praya,CV,14.92,-23.51,80.6,83,20,4.7,few clouds
424,Isangel,VU,-19.55,169.27,82.4,78,90,9.17,overcast clouds
425,Udachnyy,RU,66.42,112.4,57.2,38,48,4.47,scattered clouds
426,Nanortalik,GL,60.14,-45.24,49.21,68,69,2.57,broken clouds
427,San Fernando,PH,15.03,120.69,84.0,83,75,2.24,broken clouds
428,Sooke,CA,48.37,-123.73,81.0,64,20,18.34,few clouds
429,Tura,IN,25.52,90.22,74.75,97,84,5.19,broken clouds
430,Havoysund,NO,71.0,24.66,46.4,87,75,28.86,shower rain
431,Steinbach,DE,50.17,8.57,72.0,93,78,2.24,broken clouds
432,Beidao,CN,34.57,105.89,60.58,78,100,0.56,overcast clouds
433,Khromtau,KZ,50.25,58.43,54.37,87,71,16.98,light rain
434,Sur,OM,22.57,59.53,88.38,57,66,6.46,broken clouds
435,Progreso,MX,21.28,-89.67,82.4,83,75,6.93,broken clouds
436,Taicheng,CN,38.73,113.23,63.66,95,100,4.79,moderate rain
437,Poum,NC,-20.23,164.02,70.43,79,100,20.18,overcast clouds
438,Tatawin,TN,32.93,10.45,89.6,29,0,5.03,clear sky
439,Jalu,LY,29.03,21.55,81.84,37,0,11.16,clear sky
440,Gorontalo,ID,0.54,123.06,81.41,69,22,5.35,few clouds
441,Suffern,US,41.11,-74.15,69.01,94,37,3.62,moderate rain
442,Slave Lake,CA,55.28,-114.77,78.8,54,40,2.24,haze
443,Camocim,BR,-2.9,-40.84,78.53,69,35,16.78,scattered clouds
444,Ulles,HU,46.34,19.84,68.0,96,64,7.52,light rain
445,Abu Samrah,SY,35.3,37.18,69.6,67,0,9.06,clear sky
446,Aleppo,SY,36.25,37.5,70.05,74,0,12.39,clear sky
447,Ust-Tsilma,RU,65.44,52.15,46.69,96,100,5.82,light rain
448,Aksarka,RU,66.56,67.8,50.25,93,100,8.08,overcast clouds
449,Dicamay,PH,16.76,122.0,78.96,84,97,0.94,overcast clouds
450,Eldorado,BR,-23.79,-54.28,65.17,98,99,4.32,overcast clouds
451,Cedar Park,US,30.51,-97.82,93.0,44,64,8.55,broken clouds
452,Pitimbu,BR,-7.47,-34.81,73.4,88,20,5.82,few clouds
453,Bjerkvik,NO,68.56,17.52,50.0,93,100,25.28,light intensity drizzle
454,Te Anau,NZ,-45.42,167.72,46.08,59,99,0.69,overcast clouds
455,Pombia,IT,45.65,8.63,68.0,88,73,6.93,light rain
456,Bolobo,CD,-2.17,16.23,76.55,71,92,2.77,light rain
457,Xuanzhou,CN,30.95,118.76,84.79,71,0,4.21,clear sky
458,Mayumba,GA,-3.43,10.66,73.99,90,97,8.86,overcast clouds
459,Yatou,CN,37.15,122.38,78.49,92,88,9.89,overcast clouds
460,Kununurra,AU,-15.77,128.73,75.2,47,0,3.36,clear sky
461,Andros,GR,37.83,24.93,77.0,59,0,14.0,clear sky
462,College,US,64.86,-147.8,70.0,37,20,8.05,few clouds
463,Destin,US,30.39,-86.5,89.6,55,1,5.82,clear sky
464,Benguela,AO,-12.58,13.41,67.75,84,92,5.35,overcast clouds
465,Butembo,CD,0.15,29.28,57.72,97,48,1.79,scattered clouds
466,Bac Lieu,VN,9.29,105.72,80.94,82,76,7.94,moderate rain
467,Roma,US,43.21,-75.46,73.4,53,1,8.05,clear sky
468,Novyy Urengoy,RU,66.08,76.63,54.91,92,90,7.76,overcast clouds
469,Jimenez,MX,28.33,-105.4,91.4,18,75,8.05,broken clouds
470,Barao De Melgaco,BR,-16.19,-55.97,91.4,29,35,2.24,scattered clouds
471,Wewak,PG,-3.55,143.63,82.13,73,7,8.66,clear sky
472,Kouqian,CN,43.64,126.46,75.74,89,99,14.61,overcast clouds
473,Krasnoselkup,RU,65.7,82.47,56.17,91,72,8.41,broken clouds
474,Grand Gaube,MU,-20.01,57.66,72.0,69,3,8.01,clear sky
475,Cagliliog,PH,13.9,123.29,81.86,82,91,0.72,light rain
476,Redding,US,40.59,-122.39,93.99,32,1,11.41,clear sky
477,Culebra,PR,18.3,-65.3,84.2,74,75,10.29,broken clouds
478,Makarov,RU,48.63,142.8,58.01,90,100,7.07,overcast clouds
479,Acari,PE,-15.43,-74.62,60.04,67,65,4.09,broken clouds
480,Perelyub,RU,51.87,50.37,52.66,88,0,13.13,clear sky
481,Kyra,RU,49.58,111.98,51.4,79,30,4.05,scattered clouds
482,Davila,PH,18.47,120.58,77.0,94,75,2.24,broken clouds
483,Pizarro,CO,4.95,-77.37,77.95,88,100,6.38,moderate rain
484,Meulaboh,ID,4.14,96.13,76.62,85,35,5.28,scattered clouds
485,Sambava,MG,-14.27,50.17,69.94,78,52,12.37,light rain
486,Navrongo,GH,10.9,-1.09,77.45,83,44,2.86,scattered clouds
487,Melioratorov,RU,57.21,65.61,53.6,93,85,4.47,overcast clouds
488,Nantucket,US,41.28,-70.1,68.0,68,1,5.82,clear sky
489,Ponta Do Sol,PT,32.67,-17.1,73.4,78,20,5.82,few clouds
490,Mahibadhoo,MV,3.78,72.97,82.81,66,92,1.99,overcast clouds
491,Ribeira Brava,PT,32.65,-17.07,73.4,78,20,5.82,few clouds
492,Balabac,PH,7.99,117.06,81.3,75,100,2.55,light rain
493,Ligayan,PH,4.65,119.47,82.69,68,100,4.5,light rain
494,Mandali,IQ,33.75,45.55,83.91,14,0,10.25,clear sky
495,Santa Lucia,ES,27.91,-15.54,77.0,53,20,20.8,few clouds
496,Illapel,CL,-31.63,-71.17,49.84,72,0,2.33,clear sky
497,Kyabe,TD,9.45,18.94,73.85,89,96,3.44,overcast clouds
498,Dingle,PH,11.0,122.67,79.84,84,100,3.13,overcast clouds
499,Tapiogyorgye,HU,47.34,19.95,68.0,94,75,4.7,broken clouds
500,Bridlington,GB,54.08,-0.19,61.0,100,79,2.24,broken clouds
501,Ostrovnoy,RU,68.05,39.51,40.82,87,70,12.08,broken clouds
502,Pandan,PH,14.05,124.17,82.78,79,97,0.76,overcast clouds
503,Rawson,AR,-43.3,-65.1,50.31,46,100,22.21,overcast clouds
504,Mobaye,CF,4.32,21.18,71.51,94,83,1.05,broken clouds
505,Tougue,GN,11.47,-11.6,69.57,97,71,2.51,light rain
506,Nara,JP,34.69,135.8,89.6,62,40,3.36,scattered clouds
507,Puri,IN,19.8,85.85,82.4,94,75,1.12,haze
508,Hobbs,US,32.7,-103.14,78.8,47,5,9.17,clear sky
509,Sete,FR,43.4,3.7,73.4,56,92,9.17,light rain
510,Beian,NO,63.66,9.57,55.0,93,0,3.36,clear sky
511,Atbasar,KZ,51.8,68.33,54.36,82,74,11.34,broken clouds
512,Oistins,BB,13.07,-59.53,78.8,94,75,9.17,light rain
513,Kontagora,NG,10.4,5.47,74.32,92,67,1.99,light rain
514,Bar Harbor,US,44.39,-68.2,66.2,72,1,6.93,clear sky
515,Flin Flon,CA,54.77,-101.86,71.6,64,20,6.93,few clouds
516,Tyulgan,RU,52.34,56.17,48.83,99,60,6.33,broken clouds
517,Callaguip,PH,18.07,120.49,77.0,94,75,2.24,broken clouds
518,Ipora,BR,-16.44,-51.12,78.28,29,33,3.6,scattered clouds
519,Rio Grande,BR,-32.03,-52.1,50.0,85,0,6.58,clear sky
520,Caraballeda,VE,10.61,-66.85,73.0,93,97,2.26,overcast clouds
521,Mirnyy,RU,62.54,113.96,50.0,71,20,2.24,few clouds
522,Komsomolskiy,UZ,40.43,71.72,69.8,83,90,4.7,overcast clouds
523,Constitucion,CL,-35.33,-72.42,48.18,82,8,10.13,clear sky
524,Havre,FR,49.58,0.33,66.2,82,90,8.05,overcast clouds
525,Cururupu,BR,-1.83,-44.87,75.56,82,43,4.85,scattered clouds
526,Lompoc,US,34.64,-120.46,82.99,68,1,16.11,clear sky
527,Ankpa,NG,7.37,7.63,72.84,90,76,9.17,broken clouds
528,Areosa,PT,41.72,-8.86,69.01,100,75,8.05,fog
529,Tiznit,MA,29.58,-9.5,70.38,35,0,0.96,clear sky
530,Sampit,ID,-2.53,112.95,77.31,89,82,2.91,broken clouds
531,Bullhead City,US,35.15,-114.57,117.0,13,20,11.41,few clouds
532,Vallenar,CL,-28.57,-70.76,55.53,62,0,3.04,clear sky
533,Vilcun,CL,-38.65,-72.23,48.2,100,90,6.93,light intensity shower rain
534,Borbon,PH,10.84,124.03,80.6,83,75,4.7,broken clouds
535,Gat,IL,31.61,34.76,73.99,49,0,2.82,clear sky
536,Sabang,ID,5.89,95.32,82.29,76,1,12.41,clear sky
537,Natal,BR,-5.79,-35.21,77.0,78,20,11.41,few clouds
538,Helong,CN,42.54,129.0,82.89,61,78,13.15,broken clouds
539,Deputatskiy,RU,69.3,139.9,43.99,66,86,3.49,overcast clouds
540,Christchurch,NZ,-43.53,172.63,53.01,71,99,20.8,overcast clouds
541,Mbulu,TZ,-3.85,35.53,55.22,92,97,12.44,overcast clouds
542,Yumen,CN,40.28,97.2,65.61,25,0,3.36,clear sky
543,Sept-Iles,CA,50.2,-66.38,64.4,88,40,8.05,scattered clouds
544,Sile,TR,41.18,29.61,73.99,58,0,5.99,clear sky
545,Black Forest,US,39.01,-104.7,84.2,16,1,13.87,clear sky
546,Qiongshan,CN,20.01,110.35,77.0,100,93,4.47,fog
547,Belyye Berega,RU,53.21,34.66,58.93,94,0,3.53,clear sky
548,Altamira,BR,-3.2,-52.21,82.53,46,66,2.62,broken clouds
549,Korla,CN,41.76,86.15,75.99,55,27,3.0,scattered clouds
550,Latung,PH,5.5,120.88,81.27,73,100,7.87,overcast clouds
551,Saint-Georges,GD,12.06,-61.75,80.6,88,40,5.82,scattered clouds
552,Pratapgarh,IN,24.03,74.78,75.72,96,100,13.78,light rain
553,Qovlar,AZ,40.95,45.73,66.2,77,75,2.24,broken clouds
554,Sobreira,PT,41.52,-7.8,66.99,8,100,2.95,overcast clouds
555,Bindi,SL,9.92,-11.45,72.43,96,51,4.7,broken clouds
556,Saint-Francois,FR,46.42,3.91,62.6,77,83,2.24,broken clouds
557,Oga,IT,46.46,10.35,55.4,100,75,1.12,broken clouds
558,Ust-Koksa,RU,50.27,85.61,51.71,61,47,2.26,scattered clouds
559,Port Antonio,JM,18.18,-76.46,86.0,70,75,10.29,broken clouds
560,Bairiki,KI,1.33,172.98,86.0,62,20,8.05,few clouds
561,Portsmouth,GB,50.8,-1.09,64.99,89,68,3.0,broken clouds
562,Quelimane,MZ,-17.88,36.89,73.4,83,40,2.24,scattered clouds
563,Prince Albert,CA,53.2,-105.77,89.6,33,75,2.24,broken clouds
564,Todos Santos,MX,23.45,-110.22,84.0,80,6,4.0,light rain
565,Tairua,NZ,-37.02,175.85,59.0,71,98,11.99,light rain
566,Ust-Nera,RU,64.57,143.2,52.36,44,36,5.55,scattered clouds
567,Launceston,AU,-41.45,147.17,48.2,87,90,5.82,light intensity shower rain
568,Nokha,IN,27.6,73.42,84.29,79,13,14.03,few clouds
569,Rodrigues Alves,BR,-7.74,-72.65,82.76,58,60,2.75,broken clouds
570,Praia,CV,14.92,-23.51,80.6,83,20,4.7,few clouds
571,Dubbo,AU,-32.25,148.62,55.4,76,90,12.75,overcast clouds
572,Badarwas,IN,24.97,77.57,78.03,89,100,6.42,light rain
573,Prince Rupert,CA,54.32,-130.32,59.0,93,90,3.36,mist
574,Vestmanna,FO,62.16,-7.17,48.2,87,1,7.58,clear sky
575,Qostanay,KZ,53.17,63.58,53.6,81,75,6.71,broken clouds
576,Linqiong,CN,30.42,103.46,69.01,100,40,2.24,light intensity shower rain
577,Vagur,FO,61.47,-6.81,51.75,91,0,15.52,clear sky
578,Wallacetown,NZ,-46.33,168.27,48.11,55,97,2.55,overcast clouds
579,Iskateley,RU,67.68,53.15,47.07,94,100,8.28,light rain
580,Tucurui,BR,-3.77,-49.67,83.3,49,36,0.6,scattered clouds
581,Axim,GH,4.87,-2.24,74.71,84,84,11.5,broken clouds
582,Mpulungu,ZM,-8.76,31.11,72.18,42,40,3.65,scattered clouds
583,Swan Hill,AU,-35.34,143.55,55.47,72,0,10.27,clear sky
584,Ventspils,LV,57.39,21.56,55.4,87,71,1.12,broken clouds
585,Novaya Lyada,RU,52.71,41.64,56.7,77,30,3.2,scattered clouds
586,Rockland,US,41.17,-74.05,70.0,95,36,3.13,moderate rain
587,Mahajanga,MG,-15.72,46.32,72.07,56,61,11.59,broken clouds
588,Besikduzu,TR,41.05,39.23,71.6,78,75,4.7,broken clouds
589,Miri,MY,4.41,114.01,73.4,100,40,1.12,scattered clouds
590,Ramhormoz,IR,31.28,49.6,80.02,16,0,3.29,clear sky
591,Novobirilyussy,RU,56.95,90.67,54.25,82,32,5.06,scattered clouds
592,Sembe,CG,1.65,14.58,70.54,92,52,2.62,broken clouds
593,Zyryanka,RU,65.75,150.85,55.49,41,0,1.95,clear sky
594,Cherskiy,RU,68.75,161.3,45.55,78,100,13.13,overcast clouds
595,Kungurtug,RU,50.6,97.52,53.83,67,99,2.35,overcast clouds
596,Simiti,CO,7.96,-73.94,77.36,88,91,0.31,overcast clouds
597,Moose Factory,CA,51.26,-80.61,59.0,93,90,2.24,overcast clouds
598,Ilan,TW,24.76,121.75,84.0,99,52,4.79,broken clouds
599,Clonakilty,IE,51.62,-8.87,59.0,100,75,8.05,broken clouds
600,Jiexiu,CN,37.02,111.91,68.94,80,99,8.41,light rain
601,Tabou,CI,4.42,-7.35,74.37,82,67,9.28,broken clouds
602,Villarrobledo,ES,39.27,-2.6,64.99,53,4,7.09,clear sky
603,Oropesa,PE,-13.59,-71.77,53.91,55,56,6.71,broken clouds
604,Marysville,US,48.05,-122.18,89.01,45,1,6.93,clear sky
605,Tocopilla,CL,-22.09,-70.2,55.47,61,25,3.65,scattered clouds
606,Half Moon Bay,US,37.46,-122.43,86.0,82,1,9.17,clear sky
607,Kieta,PG,-6.22,155.63,82.98,73,11,1.88,light rain
608,Clarence Town,AU,-32.58,151.78,57.2,58,75,17.22,light intensity shower rain
609,Itoman,JP,26.12,127.67,87.8,70,20,9.17,few clouds
610,Coihaique,CL,-45.58,-72.07,41.0,52,75,6.93,broken clouds
611,Boyolangu,ID,-8.12,111.89,75.76,83,51,8.48,broken clouds
612,Shimonoseki,JP,33.95,130.95,88.0,79,20,3.36,few clouds
613,San Ignacio,BZ,17.16,-89.07,77.0,88,90,3.15,overcast clouds
614,Trindade,BR,-16.65,-49.49,78.8,47,14,3.36,few clouds
615,Olinda,BR,-8.01,-34.86,78.8,74,20,11.41,few clouds
616,Amurrio,ES,43.05,-3.0,68.0,93,100,2.24,overcast clouds
617,Ransang,PH,8.96,117.58,80.31,77,100,4.0,overcast clouds
618,Ponta Delgada,PT,37.73,-25.67,73.4,94,40,20.8,scattered clouds
619,Yangambi,CD,0.81,24.43,72.05,88,82,2.13,broken clouds
620,Troitskiy,RU,57.06,63.75,47.68,96,27,2.71,scattered clouds
621,Narsaq,GL,60.92,-46.05,55.4,62,35,3.36,scattered clouds
622,Ormara,PK,25.21,64.64,82.99,84,94,7.16,overcast clouds
623,Thinadhoo,MV,0.53,72.93,84.29,66,93,4.9,overcast clouds
624,Holme,DK,56.11,10.17,64.99,72,62,1.12,broken clouds
625,Victor Harbor,AU,-35.57,138.62,55.99,80,6,3.0,clear sky
626,Bismarck,US,46.81,-100.78,91.4,26,1,9.17,clear sky
627,Camacari,BR,-12.7,-38.32,78.8,69,40,8.05,scattered clouds
628,Mahuva,IN,21.09,71.76,80.42,86,99,12.39,light rain
629,Barras,BR,-4.24,-42.29,84.83,39,56,5.26,broken clouds
630,Dauriya,RU,49.93,116.87,53.49,80,99,14.27,overcast clouds
631,La Cumbre,AR,-30.98,-64.49,51.01,37,0,1.99,clear sky
632,Omboue,GA,-1.57,9.26,74.97,83,100,8.93,overcast clouds
633,Bishop Auckland,GB,54.66,-1.68,59.0,95,93,1.14,overcast clouds
634,Ternate,ID,0.8,127.4,81.57,78,80,13.53,light rain
635,Taoudenni,ML,22.68,-3.98,102.61,8,0,8.88,clear sky
636,Chokwe,MZ,-24.53,32.98,61.84,89,3,8.41,clear sky
637,Kermanshah,IR,34.31,47.06,68.0,19,0,4.7,clear sky
638,Lipovtsy,RU,44.2,131.72,75.47,86,89,13.18,overcast clouds
639,Nizhniy Chir,RU,48.36,43.09,68.02,65,0,8.43,clear sky
640,Lubao,PH,14.92,120.55,84.0,83,75,2.24,broken clouds
641,Cam Ranh,VN,11.92,109.16,82.4,88,40,3.36,scattered clouds
642,Severodvinsk,RU,64.56,39.83,41.0,100,20,10.76,few clouds
643,Tabriz,IR,38.08,46.29,62.6,63,20,20.8,few clouds
644,Labelle,US,26.76,-81.44,80.6,83,40,4.7,scattered clouds
645,Urucara,BR,-2.54,-57.76,86.34,41,50,1.77,scattered clouds
646,Krasnogorsk,RU,55.82,37.32,59.0,81,0,2.24,clear sky
647,Letovice,CZ,49.55,16.57,66.0,95,99,1.99,overcast clouds
648,Marawi,PH,8.0,124.29,78.01,84,86,8.01,light rain
649,Stromness,GB,58.97,-3.3,55.4,100,91,11.41,overcast clouds
650,Mitsamiouli,KM,-11.38,43.28,76.37,74,42,6.29,scattered clouds
651,Puerto Narino,CO,-3.77,-70.38,78.8,88,75,3.36,broken clouds
652,Hobyo,SO,5.35,48.53,76.03,70,54,22.64,broken clouds
653,Zarechnyy,RU,53.2,45.19,55.0,57,0,3.87,clear sky
654,Sobolevo,RU,54.43,31.9,57.88,92,0,5.03,clear sky
655,Worthington,US,40.09,-83.02,81.0,47,40,10.29,scattered clouds
656,Nehe,CN,48.48,124.83,64.49,88,93,15.48,overcast clouds
657,Ha Tinh,VN,18.33,105.9,78.48,81,100,3.02,light rain
658,Xai-Xai,MZ,-25.05,33.64,61.57,92,3,9.69,clear sky
659,Along,IN,28.17,94.77,73.18,89,70,1.05,broken clouds
660,Salalah,OM,17.02,54.09,77.0,100,90,4.7,haze
661,Juneau,US,58.3,-134.42,62.01,87,90,8.05,moderate rain
662,Asau,RO,46.43,26.4,61.0,84,0,4.34,clear sky
663,Mattru,SL,7.62,-11.83,73.49,89,96,2.73,overcast clouds
664,Mount Darwin,ZW,-16.77,31.58,57.88,80,0,6.8,clear sky
665,Chicama,PE,-7.84,-79.15,60.46,83,17,8.48,few clouds
666,Llata,PE,-9.42,-76.78,50.5,74,38,4.05,scattered clouds
667,Tecoanapa,MX,16.52,-98.75,79.14,86,100,5.35,moderate rain
668,Adeje,ES,28.12,-16.73,77.0,57,0,18.34,clear sky
669,Shache,CN,38.42,77.24,65.14,28,0,4.0,clear sky
670,Oranjemund,NA,-28.55,16.43,55.47,77,73,7.36,light rain
671,Lagdo,CM,9.05,13.73,73.35,96,100,2.04,moderate rain
672,Waitati,NZ,-45.75,170.57,51.01,71,62,42.99,broken clouds
673,Kapoeta,SS,4.77,33.59,74.34,73,58,4.56,broken clouds
674,Freetown,SL,8.48,-13.23,75.79,89,91,8.68,overcast clouds
675,Noumea,NC,-22.28,166.46,73.0,78,90,4.7,overcast clouds
676,Damara,CF,4.96,18.7,78.8,94,20,3.36,few clouds
677,Salvador,SV,13.83,-88.92,84.2,79,40,4.7,scattered clouds
678,Teya,RU,60.38,92.63,54.18,63,1,2.42,clear sky
679,Oriximina,BR,-1.77,-55.87,85.68,45,36,3.36,scattered clouds
680,Doha,QA,25.29,51.53,93.2,44,39,5.82,scattered clouds
681,Allen,US,41.07,-85.01,78.8,57,75,12.75,broken clouds
682,Santo Domingo,DO,18.5,-69.99,86.0,74,40,4.7,scattered clouds
683,Escarcega,MX,18.61,-90.75,78.62,90,95,4.12,moderate rain
684,Mildura,AU,-34.2,142.15,57.0,76,0,8.05,clear sky
685,Teteven,BG,42.92,24.27,64.99,65,67,5.12,broken clouds
686,Zeya,RU,53.75,127.27,52.56,76,100,6.89,overcast clouds
687,Caravelas,BR,-17.71,-39.25,72.55,84,2,6.82,clear sky
688,Pangnirtung,CA,66.15,-65.71,60.89,58,87,1.74,overcast clouds
689,Norfolk,US,42.17,-71.25,71.01,72,9,9.17,clear sky
690,Gigmoto,PH,13.78,124.39,83.23,76,93,1.57,overcast clouds
691,Hervey Bay,AU,-25.3,152.85,66.2,45,0,1.12,clear sky
692,Mataram,ID,-8.58,116.12,75.2,94,40,11.41,scattered clouds
693,Mumford,GH,5.26,-0.76,74.1,89,22,12.24,few clouds
694,Novikovo,RU,51.15,37.89,63.45,81,0,6.55,clear sky
695,Cap Malheureux,MU,-19.98,57.61,72.0,70,3,7.0,clear sky
696,Severnyy,RU,50.68,36.55,66.2,68,3,8.95,clear sky
697,Berlevag,NO,70.86,29.09,47.79,75,97,17.63,light rain
698,Bucerias,MX,20.75,-105.33,86.0,79,90,10.29,overcast clouds
699,Kiruna,SE,67.86,20.23,42.8,81,95,5.82,overcast clouds
700,Minas,UY,-34.38,-55.24,50.0,76,0,8.05,clear sky
701,Zhanaozen,KZ,43.3,52.8,62.13,54,0,6.8,clear sky
702,New Iberia,US,30.0,-91.82,89.6,49,1,11.41,clear sky
703,Cabedelo,BR,-6.98,-34.83,73.4,88,20,5.82,few clouds
704,Kokstad,ZA,-30.55,29.42,49.86,41,7,10.92,clear sky
705,Atar,MR,20.52,-13.05,97.25,31,0,16.31,clear sky
706,Saint Anthony,US,45.02,-93.22,75.99,41,20,9.17,few clouds
707,Miyako,JP,39.64,141.95,77.04,76,77,4.38,broken clouds
708,San Angelo,US,31.46,-100.44,93.0,34,87,1.99,light rain
709,Kysyl-Syr,RU,63.9,122.76,56.37,48,0,4.36,clear sky
710,Eureka,US,40.8,-124.16,69.01,100,100,4.0,overcast clouds
711,Broken Hill,AU,-31.95,141.43,53.6,66,2,9.98,clear sky
712,Rudbar,AF,30.15,62.6,75.52,28,0,9.62,clear sky
713,Sterling,US,39.01,-77.43,78.01,78,1,5.82,clear sky
714,Bawku,GH,11.06,-0.24,77.99,80,58,4.7,broken clouds
715,Garowe,SO,8.41,48.48,73.98,63,66,28.86,broken clouds
716,Cameta,BR,-2.24,-49.5,83.21,73,76,8.68,broken clouds
717,Kokoda,PG,-8.88,147.74,78.19,65,81,3.27,broken clouds
